{"cameraMode":{"drawMode":0,"name":"Shaded","section":"Shading Mode"},"sceneLighting":true,"audioPlay":false,"sceneViewState":{"m_AlwaysRefresh":false,"showFog":true,"showSkybox":true,"showFlares":true,"showImageEffects":true,"showParticleSystems":true,"showVisualEffectGraphs":true,"m_FxEnabled":true},"in2DMode":false,"pivot":{"x":-16.646732330322267,"y":-0.47574877738952639,"z":-15.069650650024414},"rotation":{"x":0.00803888775408268,"y":-0.9045928120613098,"z":0.017115773633122445,"w":0.42599764466285708},"size":18.696245193481447,"orthographic":false}